dx_architect_assay,2019-08-21 
dx_architect_assayparams,2019-08-14 
dx_architect_cal,2019-09-04 
dx_architect_history,2019-09-04 
dx_architect_lls,2019-09-04 
dx_architect_maint,2019-09-04 
dx_architect_optics,2019-09-04 
dx_architect_pm,2019-09-04 
dx_architect_post,2019-09-04 
dx_architect_qc,2019-09-04 
dx_architect_releasedqc,2019-09-04 
dx_architect_results,2019-09-04 
dx_architect_sample,2019-09-04 
dx_architect_wam,2019-08-15 
dx_a3600_control,2019-07-17 
dx_a3600_counter,2019-07-17 
dx_a3600_dream,2019-07-17 
dx_a3600_error,2019-07-17 
dx_a3600_lis,2019-07-17 
dx_a3600_pass,2019-07-17 
dx_a3600_process,2019-07-17 
dx_a3600_uif,2019-07-17 
dx_aps_counter,2019-07-17 
dx_aps_error,2019-07-12 
